"Reference","Value","Datasheet","Footprint","Qty"
"C1","100uf","","Capacitor_SMD:CP_Elec_8x10.5","1"
"C2","100nf","","Capacitor_Tantalum_SMD:CP_EIA-1608-10_AVX-L","1"
"C3","100nf","","Capacitor_Tantalum_SMD:CP_EIA-1608-10_AVX-L","1"
"C4","100nf","","Capacitor_Tantalum_SMD:CP_EIA-1608-10_AVX-L","1"
"C5","100nf","","Capacitor_Tantalum_SMD:CP_EIA-1608-10_AVX-L","1"
"C6","100nf","","Capacitor_Tantalum_SMD:CP_EIA-1608-10_AVX-L","1"
"C7","100nf","","Capacitor_Tantalum_SMD:CP_EIA-1608-10_AVX-L","1"
"C8","100nf","","Capacitor_Tantalum_SMD:CP_EIA-1608-10_AVX-L","1"
"C9","100nf","","Capacitor_Tantalum_SMD:CP_EIA-1608-10_AVX-L","1"
"C10","100nf","","Capacitor_Tantalum_SMD:CP_EIA-1608-10_AVX-L","1"
"C11","100nf","","Capacitor_Tantalum_SMD:CP_EIA-1608-10_AVX-L","1"
"C12","100nf","","Capacitor_Tantalum_SMD:CP_EIA-1608-10_AVX-L","1"
"D1","RED","","LED_SMD:LED_0201_0603Metric","1"
"D2","SS34","http://www.vishay.com/docs/88526/1n5820.pdf","Diode_THT:D_DO-201AD_P15.24mm_Horizontal","1"
"D3","GREEN","","LED_SMD:LED_0603_1608Metric","1"
"D4","PESD5V0L1BA","https://datasheet.datasheetarchive.com/originals/distributors/Datasheets-26/DSA-502684.pdf","My_Lib:SOD2512X110N","1"
"IC3","NC7WZ241K8X","https://www.onsemi.com/pub/Collateral/NC7WZ241-D.PDF","My_Lib:SOP50P310X90-8N","1"
"J1","Conn_01x03_Pin","","Connector_Molex:Molex_KK-254_AE-6410-03A_1x03_P2.54mm_Vertical","1"
"J8","Conn_01x03_Pin","","Connector_Molex:Molex_KK-254_AE-6410-03A_1x03_P2.54mm_Vertical","1"
"J9","Conn_01x03_Pin","","Connector_Molex:Molex_KK-254_AE-6410-03A_1x03_P2.54mm_Vertical","1"
"J11","Conn_01x03_Pin","","Connector_Molex:Molex_KK-254_AE-6410-03A_1x03_P2.54mm_Vertical","1"
"J12","Conn_01x03_Pin","","Connector_Molex:Molex_KK-254_AE-6410-03A_1x03_P2.54mm_Vertical","1"
"J13","Conn_01x03_Pin","","Connector_Molex:Molex_KK-254_AE-6410-03A_1x03_P2.54mm_Vertical","1"
"J14","Conn_01x03_Pin","","Connector_Molex:Molex_KK-254_AE-6410-03A_1x03_P2.54mm_Vertical","1"
"J15","Conn_01x03_Pin","","Connector_Molex:Molex_KK-254_AE-6410-03A_1x03_P2.54mm_Vertical","1"
"J16","Conn_01x04_Pin","","Connector_Molex:Molex_KK-254_AE-6410-04A_1x04_P2.54mm_Vertical","1"
"R1","390","","Resistor_SMD:R_0201_0603Metric","1"
"R2","220","","Resistor_SMD:R_0201_0603Metric","1"
"R3","150","","Resistor_SMD:R_0201_0603Metric","1"
"R4","150","","Resistor_SMD:R_0201_0603Metric","1"
"R5","100","","Resistor_SMD:R_0201_0603Metric","1"
"R6","100","","Resistor_SMD:R_0201_0603Metric","1"
"R7","10k","","Resistor_SMD:R_0201_0603Metric","1"
"R8","2.2k","","Resistor_SMD:R_0201_0603Metric","1"
"R9","2.2k","","Resistor_SMD:R_0201_0603Metric","1"
"U2","BNO085","","My_Lib:IC_BNO085","1"
"U3","TXB0104D","http://www.ti.com/lit/ds/symlink/txb0104.pdf","Package_SO:SOIC-14_3.9x8.7mm_P1.27mm","1"
"U4","MCP3008","http://ww1.microchip.com/downloads/en/DeviceDoc/21295d.pdf","Package_DIP:DIP-16_W7.62mm","1"
